Company Name,Company URL,Tagline,Reviews,Service %,Platform %,Pricing,Employees,Founded,Company Geo,Profile URL,Company Email
SPEC INDIA,https://www.spec-india.com/?utm_source=Business%20Directory&utm_medium=Referral&utm_campaign=Goodfirms,"Enterprise Software, Mobility & BI Solutions",4.8 (26 Reviews),20%,15%,"
< $25/hr ",250 - 999,1987,"
India, United States ",N/A,N/A
instinctools,http://www.instinctools.com/,Delivering the future. Now.,4.8 (8 Reviews),5%,10%,"
$50 - $99/hr ",250 - 999,2000,"
United States, Germany ",N/A,N/A
SoluLab,https://www.solulab.com/,Blockchain | IoT | Mobility | AI | Big Data,5.0 (32 Reviews),15%,15%,"
$25 - $49/hr ",50 - 249,2014,"
United States, India ",N/A,N/A
Sigma Data Systems,https://www.sigmadatasys.com/services/data-analytics/,Discover the world of Big Data with us!,4.7 (5 Reviews),40%,10%,"
$25 - $49/hr ",250 - 999,2010,"
United States, Australia ",N/A,N/A
NeenOpal Inc.,https://www.neenopal.com/,The Hub Of Data Science Innovation,5.0 (5 Reviews),25%,10%,"
$25 - $49/hr ",10 - 49,2016,"
United States, India ",N/A,N/A
Consagous Technologies,N/A,Helping brands by being their Technology Partner,4.8 (32 Reviews),10%,20%,"
$25 - $49/hr ",50 - 249,2008,"
India, United States ",https://www.goodfirms.co/company/consagous-technologies,N/A
NEX Softsys,N/A,IT Partner for Global Clients,5.0 (12 Reviews),20%,20%,"
$25 - $49/hr ",50 - 249,2003,"
United States ",https://www.goodfirms.co/company/nex-softsys,N/A
Beyond Key,N/A,IT Consulting and Software Development Services ,5.0 (7 Reviews),20%,10%,"
$25 - $49/hr ",250 - 999,2005,"
United States, India ",https://www.goodfirms.co/company/beyond-key,N/A
Datapine,N/A,BUSINESS INTELLIGENCE MADE EASY,5.0 (3 Reviews),90%,5%,"
$50 - $99/hr ",10 - 49,2012,"
Germany ",https://www.goodfirms.co/company/datapine,N/A
Dataforest,N/A,Data Engineering and Web Product Development,5.0 (4 Reviews),30%,20%,"
$50 - $99/hr ",50 - 249,2018,"
Ukraine, Estonia ",https://www.goodfirms.co/company/dataforest,N/A
pwrteams,N/A,Scale your enterprise with cross-border teams,4.9 (7 Reviews),10%,25%,"
$25 - $49/hr ",250 - 999,2008,"
Luxembourg, Poland ",https://www.goodfirms.co/company/skelia,N/A
Intellias,N/A,Global Technology Partner,5.0 (5 Reviews),15%,5%,"
$25 - $49/hr ","1,000 - 9,999",2002,"
Ukraine, United States ",https://www.goodfirms.co/company/intellias,N/A
Altar.io,N/A,Product & Software Development Agency,5.0 (9 Reviews),25%,10%,"
$50 - $99/hr ",10 - 49,2015,"
Portugal, United Kingdom ",https://www.goodfirms.co/company/altar-io,N/A
Huspi,N/A,Transforming ideas into user-friendly software.,5.0 (6 Reviews),10%,50%,"
$50 - $99/hr ",10 - 49,2015,"
Poland, Ukraine ",https://www.goodfirms.co/company/huspi,N/A
Rudder Analytics,N/A,Steering Your Business.,4.8 (3 Reviews),90%,5%,"
$25 - $49/hr ",10 - 49,2015,"
India ",https://www.goodfirms.co/company/rudder-analytics,N/A
Fayrix,N/A,Remote software teams & services for startups. ,5.0 (8 Reviews),10%,5%,"
< $25/hr ","1,000 - 9,999",2005,"
Israel ",https://www.goodfirms.co/company/fayrix,N/A
Accubits,N/A,AI & Blockchain focused development company,4.9 (7 Reviews),10%,10%,"
$25 - $49/hr ",50 - 249,2012,"
India, United States ",https://www.goodfirms.co/company/accubits,N/A
OrbitSoft,N/A,We do software right,4.9 (3 Reviews),5%,20%,"
$25 - $49/hr ",50 - 249,2001,"
United States ",https://www.goodfirms.co/company/orbitsoft,N/A
Broscorp,N/A,Delivering software that helps businesses to grow,4.9 (4 Reviews),10%,50%,"
$25 - $49/hr ",10 - 49,2016,"
Ukraine ",https://www.goodfirms.co/company/broscorp,N/A
Clustox,N/A,The House of Innovation,5.0 (5 Reviews),10%,25%,"
< $25/hr ",10 - 49,2012,"
Pakistan ",https://www.goodfirms.co/company/clustox,N/A
VITech,N/A,Software development powerhouse,5.0 (3 Reviews),30%,25%,"
$50 - $99/hr ",50 - 249,2007,"
Ukraine ",https://www.goodfirms.co/company/vitech,N/A
GFAIVE,N/A,Demand forecasting for Fashion Retail,5.0 (2 Reviews),20%,25%,"
NA ",10 - 49,2018,"
Georgia ",https://www.goodfirms.co/company/gfaive,N/A
SPRYTE Labs,N/A,"The right team, every time",5.0 (3 Reviews),10%,10%,"
NA ","1,000 - 9,999",2019,"
United States ",https://www.goodfirms.co/company/spryte-labs,N/A
abstractR,N/A,We make Abstract ideas Real,5.0 (2 Reviews),20%,20%,"
$50 - $99/hr ",10 - 49,2018,"
Czech Republic ",https://www.goodfirms.co/company/abstractr,N/A
SetuServ,N/A,Customized AI: Machine Power + Human Accuracy,5.0 (1 Review),50%,16%,"
NA ",50 - 249,2012,"
United States, India ",https://www.goodfirms.co/company/setuserv,N/A
InData Labs,N/A,Big on Data Science and AI,5.0 (1 Review),30%,30%,"
$50 - $99/hr ",50 - 249,2014,"
Cyprus, Singapore ",https://www.goodfirms.co/company/indata-labs,N/A
Aegis Soft Tech,N/A,Software Development Expert,5.0 (2 Reviews),5%,25%,"
$25 - $49/hr ",50 - 249,2003,"
India ",https://www.goodfirms.co/company/aegis-soft-tech,N/A
AM-BITS,N/A,Time to rethink IT,5.0 (2 Reviews),20%,10%,"
$25 - $49/hr ",50 - 249,2016,"
Ukraine ",https://www.goodfirms.co/company/am-bits,N/A
ScaleupAlly,N/A,Scaleup the development of your Business Idea,4.8 (3 Reviews),30%,30%,"
$25 - $49/hr ",10 - 49,2017,"
India ",https://www.goodfirms.co/company/scaleupally,N/A
ThirdEye Data Inc.,N/A,Transforming Enterprises with AI Applications,5.0 (1 Review),20%,10%,"
$50 - $99/hr ",50 - 249,2010,"
United States ",https://www.goodfirms.co/company/thirdeye-data-inc,N/A
CodeCoda Ltd,N/A,Advanced Software Development Outsourcing,3.0 (2 Reviews),10%,15%,"
$25 - $49/hr ",50 - 249,2016,"
Bulgaria, Ireland ",https://www.goodfirms.co/company/codecoda-ltd,N/A
S-PRO,N/A,Strategic partner.,5.0 (30 Reviews),10%,25%,"
$50 - $99/hr ",50 - 249,2014,"
Poland ",https://www.goodfirms.co/company/s-pro,N/A
Welby Consulting,N/A,The Future of Digital,3.4 (5 Reviews),10%,50%,"
$100 - $149/hr ",2 - 9,2015,"
Canada ",https://www.goodfirms.co/company/welby-consulting,N/A
CDN Solutions Group,N/A,"Blockchain, NFT, Mobile App, Software Development",4.6 (20 Reviews),10%,20%,"
< $25/hr ",250 - 999,2000,"
India, United States ",https://www.goodfirms.co/company/cdn-solutions-group,N/A
WebClues Infotech,N/A,"Your Vision, Our Creation",4.6 (15 Reviews),5%,50%,"
$25 - $49/hr ",50 - 249,2014,"
Canada ",https://www.goodfirms.co/company/webclues-infotech,N/A
MobiDev,N/A,"Web and Mobile development, AI apps",5.0 (16 Reviews),10%,10%,"
$50 - $99/hr ",250 - 999,2009,"
United States ",https://www.goodfirms.co/company/mobidev,N/A
Prismetric,N/A,Delivering Quality Products and Premium Services,4.7 (14 Reviews),5%,50%,"
< $25/hr ",50 - 249,2008,"
India, United States ",https://www.goodfirms.co/company/prismetric,N/A
Sunflower Lab,N/A,Sunflower Lab,4.9 (13 Reviews),5%,50%,"
$50 - $99/hr  ",50 - 249,2010,"
United States ",https://www.goodfirms.co/company/sunflower-lab,N/A
Clavax Technologies LLC,N/A,Transform Your Ideas into Digital Solutions,4.4 (15 Reviews),10%,10%,"
$25 - $49/hr ",50 - 249,2011,"
United States, Australia ",https://www.goodfirms.co/company/clavax-technologies-llc,N/A
APPSTIRR,N/A,Award Winning App Development Company,5.0 (14 Reviews),5%,20%,"
$25 - $49/hr ",50 - 249,2010,"
United States, United Arab Emirates ",https://www.goodfirms.co/company/appstirr,N/A
Classic Informatics,N/A,The Digital Innovation Company,4.9 (13 Reviews),20%,20%,"
$25 - $49/hr ",50 - 249,2002,"
India, United Kingdom ",https://www.goodfirms.co/company/classic-informatics,N/A
Idealogic,https://idealogic.dev/,End-to-end custom software development,5.0 (13 Reviews),10%,20%,"
$50 - $99/hr ",50 - 249,2016,"
Ukraine, Estonia ",N/A,N/A
OpenGeeksLab,N/A,Crafting software that works for you.,5.0 (12 Reviews),10%,30%,"
$25 - $49/hr ",50 - 249,2015,"
Ukraine ",https://www.goodfirms.co/company/opengeekslab,N/A
TrendLine Global,N/A,Custom Software Development Company ,5.0 (11 Reviews),5%,25%,"
$25 - $49/hr ",50 - 249,2010,"
Ukraine, United Kingdom ",https://www.goodfirms.co/company/trendline-global,N/A
DigiPrima Technologies Pvt. Ltd.,N/A,Trusted Partners for Software Solutions,5.0 (11 Reviews),10%,20%,"
< $25/hr ",10 - 49,2016,"
India, United States ",https://www.goodfirms.co/company/digiprima-technologies-pvt-ltd,N/A
HQSoftware,N/A,"IoT, AR, VR, and custom software development",4.9 (11 Reviews),5%,25%,"
$25 - $49/hr ",50 - 249,2001,"
United States, Georgia ",https://www.goodfirms.co/company/hqsoftware,N/A
BR Softech Pvt Ltd,N/A,Website & Mobile Apps Development Company,4.5 (10 Reviews),5%,50%,"
$25 - $49/hr ","1,000 - 9,999",2012,"
India, United States ",https://www.goodfirms.co/company/br-softech-pvt-ltd,N/A
Exceed Team,N/A,Exceeding expectations of our clients,5.0 (5 Reviews),5%,100%,"
$25 - $49/hr ",50 - 249,2013,"
Russia ",https://www.goodfirms.co/company/exceed-team,N/A
Maxilect,N/A,"Martech, Ad Tech, Fintech, Blockchain",5.0 (8 Reviews),20%,20%,"
$50 - $99/hr ",50 - 249,2015,"
Russia ",https://www.goodfirms.co/company/maxilect,N/A
Burning Buttons LLC,N/A,Digital boost for your business to succeed!,5.0 (6 Reviews),10%,50%,"
$25 - $49/hr ",50 - 249,2009,"
Germany, Russia ",https://www.goodfirms.co/company/burning-buttons-llc,N/A
Systango Technologies,N/A,"We Make the Impossible, Possible!",5.0 (6 Reviews),10%,50%,"
$25 - $49/hr ",250 - 999,2007,"
United Kingdom ",https://www.goodfirms.co/company/systango-technologies,N/A
Inoxoft,N/A,"IEC/ISO 27001, Google, Microsoft Certified Company",5.0 (8 Reviews),10%,10%,"
$25 - $49/hr ",50 - 249,2014,"
 Ukraine ",https://www.goodfirms.co/company/inoxoft,N/A
Noventum Custom Software Development Company,N/A,Custom Software & Web Development in New Mexico,5.0 (3 Reviews),20%,100%,"
$100 - $149/hr ",2 - 9,2012,"
United States ",https://www.goodfirms.co/company/noventum,N/A
Napollo Software Design L.L.C,N/A,Best Software Design Agency in Dubai & New York,5.0 (7 Reviews),20%,20%,"
NA ",50 - 249,2011,"
United States ",https://www.goodfirms.co/company/napollo-software-design-l-l-c,N/A
SemiDot Infotech Pvt Ltd,N/A,Right Technology Partner for IT Solutions,4.7 (7 Reviews),10%,30%,"
< $25/hr ",50 - 249,2011,"
United States, India ",https://www.goodfirms.co/company/semidot-infotech-pvt-ltd,N/A
Sphinx Solutions,N/A,Inspire : Innovate : Evolve,4.6 (8 Reviews),5%,10%,"
< $25/hr ",Freelancer,2010,"
India, United States ",https://www.goodfirms.co/company/sphinx-solutions,N/A
Redian Software,N/A,Delivering Open Source Solutions,5.0 (5 Reviews),10%,50%,"
$25 - $49/hr ",10 - 49,2016,"
United Kingdom, India ",https://www.goodfirms.co/company/redian-software,N/A
Indus Net Technologies,N/A,We Deliver Digital Success,5.0 (5 Reviews),10%,50%,"
< $25/hr ",250 - 999,1997,"
India, United Kingdom ",https://www.goodfirms.co/company/indusnet-technologies,N/A
RWaltz Group Inc.,N/A,Blockchain Solutions Experts,5.0 (5 Reviews),10%,50%,"
$50 - $99/hr ",50 - 249,2000,"
United States ",https://www.goodfirms.co/company/rwaltz-group-inc,N/A
UNL Solutions,N/A,"Dedicated Team, Dedicated Developer",4.3 (3 Reviews),10%,100%,"
$25 - $49/hr ",50 - 249,2006,"
United Kingdom, Belarus ",https://www.goodfirms.co/company/unl-solutions,N/A
Shockoe,N/A,Mobile by Design,5.0 (2 Reviews),5%,100%,"
$100 - $149/hr ",10 - 49,2010,"
United States ",https://www.goodfirms.co/company/shockoe,N/A
Decipher Zone Technologies Pvt Ltd,N/A,Java Development Company,5.0 (2 Reviews),5%,100%,"
< $25/hr ",50 - 249,2015,"
 India ",https://www.goodfirms.co/company/decipher-zone-technologies-pvt-ltd,N/A
Stellen Infotech,N/A,You Think We Create,5.0 (2 Reviews),2%,100%,"
$25 - $49/hr ",50 - 249,2010,"
India, United States ",https://www.goodfirms.co/company/stellen-infotech,N/A
N-iX,N/A,Software development company,5.0 (5 Reviews),20%,25%,"
$50 - $99/hr ","1,000 - 9,999",2002,"
Malta, Ukraine ",https://www.goodfirms.co/company/n-ix,N/A
Build Scale Prosper,N/A,Build. Scale. Prosper. ,5.0 (1 Review),25%,100%,"
$100 - $149/hr ",2 - 9,2018,"
United States ",https://www.goodfirms.co/company/build-scale-prosper,N/A
DreamzTech Solutions Inc.,N/A,"Digital Partner for Web, Mobile & IoT Solutions",5.0 (4 Reviews),10%,50%,"
< $25/hr  ",50 - 249,2013,"
United Kingdom, United States ",https://www.goodfirms.co/company/dreamztech-solutions-inc,N/A
NIX,N/A,"Enterprise Software, Data Analytics & BI Solutions",5.0 (6 Reviews),10%,10%,"
$50 - $99/hr ","1,000 - 9,999",1994,"
United States ",https://www.goodfirms.co/company/nix,N/A
InnovationM,N/A,End to End Technology Solutions,4.4 (4 Reviews),20%,50%,"
< $25/hr ",50 - 249,2010,"
United States, India ",https://www.goodfirms.co/company/innovationm,N/A
Fortunesoft IT Innovations,N/A,High-end software product engineering & services,5.0 (4 Reviews),5%,50%,"
$25 - $49/hr ",50 - 249,2009,"
United States, India ",https://www.goodfirms.co/company/fortunesoft-it-innovations,N/A
Prakash Software Solutions Pvt Ltd,N/A,Smart Technology Provider,4.8 (5 Reviews),2%,35%,"
$25 - $49/hr ",50 - 249,2000,"
India ",https://www.goodfirms.co/company/prakash-software-solutions-pvt-ltd,N/A
Bacancy Technology,N/A,Full Stack Agile & Lean Development Partner,4.8 (5 Reviews),10%,25%,"
$25 - $49/hr ",250 - 999,2011,"
India, Canada ",https://www.goodfirms.co/company/bacancy-technology,N/A
SumatoSoft,N/A,We help companies to digitalize their businesses.,5.0 (5 Reviews),10%,20%,"
$50 - $99/hr ",50 - 249,2012,"
United States ",https://www.goodfirms.co/company/sumatosoft,N/A
"Zymr, Inc.",https://www.zymr.com/,Accelerate Cloud-Native Agile Development,5.0 (1 Review),5%,100%,"
$25 - $49/hr ",50 - 249,2012,"
United States, Australia ",N/A,N/A
Golden Logic Company for Communications and Information Technology,N/A,"IT, Applications, VR/AR System Integration Banking",5.0 (1 Review),5%,100%,"
NA ",10 - 49,2017,"
Saudi Arabia, United Arab Emirates ",https://www.goodfirms.co/company/golden-logic-company-for-communications-and-information-technology,N/A
Loginworks Softwares Inc,N/A,"Team you will Like, Trust and Admire",5.0 (3 Reviews),15%,50%,"
< $25/hr ",50 - 249,2006,"
 India, United States ",https://www.goodfirms.co/company/loginworks-softwares-inc,N/A
4ire Labs,N/A,"Create winning experience in Blockchain, DeFi ",5.0 (3 Reviews),10%,50%,"
$25 - $49/hr ",250 - 999,2010,"
Ukraine, Estonia ",https://www.goodfirms.co/company/4ire-labs,N/A
JDV Technologies,N/A,Cloud Consulting and Software Development Company ,4.9 (5 Reviews),10%,10%,"
$25 - $49/hr ",10 - 49,2018,"
India, United States ",https://www.goodfirms.co/company/jdv-technologies,N/A
Ballard Chalmers,N/A,"software, engineered",5.0 (5 Reviews),5%,10%,"
$100 - $149/hr ",10 - 49,2005,"
United Kingdom ",https://www.goodfirms.co/company/ballard-chalmers,N/A
Queppelin,N/A,Metaverse - AR | VR | NFTs | AI | WebAR | 3D,5.0 (5 Reviews),5%,10%,"
< $25/hr ",50 - 249,2010,"
United States ",https://www.goodfirms.co/company/queppelin,N/A
Plaxonic Technologies,N/A,Invent | Innovative,5.0 (4 Reviews),10%,25%,"
$25 - $49/hr ",50 - 249,2013,"
India, United States ",https://www.goodfirms.co/company/plaxonic-technologies,N/A
TemaBit,N/A,Keep it smart and simple!,4.9 (4 Reviews),10%,25%,"
$25 - $49/hr ",250 - 999,2013,"
Ukraine, United States ",https://www.goodfirms.co/company/temabit,N/A
Binariks Inc,N/A,Software Development Company,5.0 (4 Reviews),5%,25%,"
$50 - $99/hr ",50 - 249,2014,"
Ukraine, United States ",https://www.goodfirms.co/company/binariks-inc,N/A
Serokell,N/A,"YOUR EXPECTATIONS, LIFTED.",5.0 (4 Reviews),20%,10%,"
$50 - $99/hr ",50 - 249,2015,"
Estonia ",https://www.goodfirms.co/company/serokell,N/A
Space-O Technologies,N/A,"[Mobile, Web, BigData, Ruby, Python Expert]",4.9 (4 Reviews),10%,20%,"
$25 - $49/hr ",50 - 249,2010,"
India, Canada ",https://www.goodfirms.co/company/space-o-technologies,N/A
DIGIS,N/A,Software Development,5.0 (2 Reviews),50%,25%,"
$25 - $49/hr ",50 - 249,2009,"
Ukraine ",https://www.goodfirms.co/company/digis,N/A
DOIT Software,N/A,"Mobile Apps, Software Development & Staffing",5.0 (4 Reviews),5%,20%,"
$25 - $49/hr ",10 - 49,2014,"
Ukraine, United Kingdom ",https://www.goodfirms.co/company/doit-software,N/A
SKY INCOM,N/A,Web & Mobile Development,5.0 (4 Reviews),5%,20%,"
 $25 - $49/hr ",10 - 49,2002,"
Belarus ",https://www.goodfirms.co/company/sky-incom,N/A
Miquido,N/A,Full-service software development partner,4.9 (4 Reviews),20%,10%,"
$50 - $99/hr ",250 - 999,2011,"
Poland, United Kingdom ",https://www.goodfirms.co/company/miquido,N/A
The Analyst Agency,N/A,"Web Developers in Buffalo, NY",5.0 (1 Review),30%,50%,"
NA ",Freelancer,,"
United States, India ",https://www.goodfirms.co/company/the-analyst-agency,N/A
ALFATEK,N/A,"IT MSP, Software Development, Solution, IT Service",5.0 (3 Reviews),5%,25%,"
$100 - $149/hr ",2 - 9,2013,"
United States ",https://www.goodfirms.co/company/alfatek,N/A
ELEKS,https://eleks.com/software-development-3/,Your Technology Partner for Software Innovation,5.0 (3 Reviews),10%,20%,"
$25 - $49/hr ","1,000 - 9,999",1991,"
Estonia, United States ",N/A,N/A
Imenso Software,N/A,Full Stack Tech Consulting Agency,5.0 (3 Reviews),10%,20%,"
$25 - $49/hr ",50 - 249,2010,"
India ",https://www.goodfirms.co/company/imenso-software,N/A
Pitangent,N/A,Easing productivity with digital innovations,5.0 (3 Reviews),10%,20%,"
< $25/hr ",10 - 49,2017,"
India ",https://www.goodfirms.co/company/pitangent,N/A
Maticz Technologies,N/A,"Web3, Metaverse & Blockchain Development Company",5.0 (3 Reviews),10%,20%,"
$25 - $49/hr ",50 - 249,2020,"
India ",https://www.goodfirms.co/company/maticz-technologies,N/A
Damco Solutions,N/A,Enabling Business Transformation and Innovation,4.9 (3 Reviews),5%,25%,"
NA ","1,000 - 9,999",1996,"
United States ",https://www.goodfirms.co/company/damco-solutions,N/A
Synergo Group,N/A,We Build Effective Solutions,5.0 (1 Review),20%,50%,"
$25 - $49/hr ",10 - 49,2005,"
Canada ",https://www.goodfirms.co/company/synergo-group,N/A
Advanced Software Development (ASD Ltd),N/A,Custom Software Development Company,5.0 (1 Review),20%,50%,"
$25 - $49/hr ",50 - 249,2007,"
Ukraine ",https://www.goodfirms.co/company/advanced-software-development-asd-ltd,N/A
Whitecap Canada,N/A,Reimagine Your Business,5.0 (1 Review),15%,50%,"
< $25/hr ",10 - 49,1997,"
Canada ",https://www.goodfirms.co/company/whitecap-canada,N/A
Teksmobile,N/A,1500+ Mobile Apps Delivered Over 15+ Years,5.0 (1 Review),10%,50%,"
$25 - $49/hr ",50 - 249,2006,"
Australia, India ",https://www.goodfirms.co/company/teksmobile,N/A
Jellyfish Technologies,N/A,Transforming ideas into applications,5.0 (2 Reviews),5%,30%,"
$25 - $49/hr ",50 - 249,2011,"
India, United States ",https://www.goodfirms.co/company/jellyfish-technologies,N/A
JetSoftPro,N/A,Agility. Performance. Scale.,4.8 (1 Review),10%,50%,"
$25 - $49/hr ",50 - 249,2003,"
United States ",https://www.goodfirms.co/company/jetsoftpro,N/A
Focaloid Technologies,N/A,Digital Solutions. Simplified.,5.0 (2 Reviews),10%,25%,"
$25 - $49/hr ",50 - 249,2012,"
India, United States ",https://www.goodfirms.co/company/focaloid-technologies,N/A
Hiteshi,N/A,Top Mobile & Web Development Company,5.0 (2 Reviews),10%,25%,"
$25 - $49/hr ",50 - 249,2006,"
India, Australia ",https://www.goodfirms.co/company/hiteshi,N/A
Techmango Technology Services Private Limited,N/A,Best Offshore Software Development Company ,4.3 (3 Reviews),10%,20%,"
< $25/hr ",250 - 999,2014,"
India ",https://www.goodfirms.co/company/techmango-technology-services-private-limited,N/A
Evolve Technologies,N/A,IT agency,4.8 (1 Review),30%,30%,"
$50 - $99/hr ",10 - 49,2000,"
Ireland ",https://www.goodfirms.co/company/evolve-technologies,N/A
Virtual Electronics PTE LTD,N/A,Software and mobile app development in Singapore,5.0 (2 Reviews),5%,25%,"
$25 - $49/hr ",10 - 49,2019,"
Singapore ",https://www.goodfirms.co/company/virtual-electronics-pte-ltd,N/A
Reenbit,N/A,Intelligent engineering & beyond ,5.0 (3 Reviews),5%,5%,"
$25 - $49/hr ",50 - 249,2018,"
Ukraine, Poland ",https://www.goodfirms.co/company/reenbit,N/A
Michigan Software Labs,N/A,We Make Apps,5.0 (2 Reviews),10%,20%,"
$150 - $199/hr ",10 - 49,2010,"
United States ",https://www.goodfirms.co/company/michigan-software-labs,N/A
Starkflow,N/A,#1 platform for hiring SaaS talent globally.,5.0 (2 Reviews),10%,20%,"
$100 - $149/hr ",10 - 49,2017,"
United States, Ukraine ",https://www.goodfirms.co/company/starkflow,N/A
ExpertsFromIndia,N/A,We Make IT Possible,5.0 (2 Reviews),2%,25%,"
$25 - $49/hr ",250 - 999,2003,"
United States, India ",https://www.goodfirms.co/company/expertsfromindia,N/A
Volumetree,N/A,Impact Through Technology,5.0 (2 Reviews),20%,10%,"
$25 - $49/hr ",50 - 249,2017,"
India, South Africa ",https://www.goodfirms.co/company/volumetree,N/A
WOXAPP,N/A,Mobile applications for startups and businesses ,5.0 (2 Reviews),5%,20%,"
$25 - $49/hr ",10 - 49,2011,"
Ukraine ",https://www.goodfirms.co/company/woxapp,N/A
ISS Art,N/A,It’s your chance to break new ground in business!,5.0 (2 Reviews),10%,15%,"
$25 - $49/hr ",50 - 249,2003,"
Russia, United States ",https://www.goodfirms.co/company/iss-art,N/A
47Billion,N/A,Data Analytics | UXUI | Product Development | ML ,5.0 (1 Review),40%,9%,"
< $25/hr ",50 - 249,2012,"
United States, India ",https://www.goodfirms.co/company/47billion,N/A
Talentelgia Technologies Private Limited,N/A,Transforming ideas into innovations,5.0 (2 Reviews),10%,12%,"
< $25/hr ",50 - 249,2012,"
India, United Kingdom ",https://www.goodfirms.co/company/talentelgia-technologies-private-limited,N/A
Endion IT,N/A,Web & Mobile App Development,5.0 (1 Review),10%,30%,"
$25 - $49/hr ",10 - 49,2017,"
Argentina ",https://www.goodfirms.co/company/endion-it,N/A
Programmers.io,N/A,Your Extended Software Development Team,5.0 (1 Review),10%,30%,"
$25 - $49/hr ",250 - 999,2013,"
United States, India ",https://www.goodfirms.co/company/programmers-io,N/A
Intetics Inc.,N/A,Where Software Concepts Come Alive™,5.0 (1 Review),15%,25%,"
$50 - $99/hr ",250 - 999,1995,"
United States, Germany ",https://www.goodfirms.co/company/intetics,N/A
Jevera,N/A,SOFTWARE SOLUTIONS FOR COMPLICATED BUSINESS TASKS,4.8 (1 Review),40%,5%,"
$50 - $99/hr ",50 - 249,2009,"
Ukraine ",https://www.goodfirms.co/company/jevera,N/A
Innuy - Full Stack Development,N/A,Innuy - Full Stack Development,4.8 (1 Review),20%,20%,"
NA ",10 - 49,2012,"
Uruguay ",https://www.goodfirms.co/company/innuy-full-stack-development,N/A
Web And SEO Pro,N/A,Web Design And Development Services,5.0 (1 Review),6%,26%,"
$50 - $99/hr ",50 - 249,2015,"
United States ",https://www.goodfirms.co/company/web-and-seo-pro,N/A
Pentation Analytics,N/A,We provide analytical services to BFSI industry,0.0 (0 Review),100%,70%,"
 $50 - $99/hr ",10 - 49,2015,"
United States ",https://www.goodfirms.co/company/pentation-analytics,N/A
ITXITPRO PVT. LTD.,N/A,Unleash The Digital Dynamics,5.0 (1 Review),10%,20%,"
< $25/hr ",10 - 49,2014,"
India ",https://www.goodfirms.co/company/it-by-it-professionals-itxit-pro,N/A
Softura,N/A,Enabling Innovation in a Business 4.0 World,5.0 (1 Review),10%,20%,"
$100 - $149/hr ",250 - 999,1997,"
United States, India ",https://www.goodfirms.co/company/softura,N/A
ConvergeSol,N/A,Solutions Focused On Your Business,5.0 (1 Review),10%,20%,"
$25 - $49/hr ",10 - 49,2010,"
United States, India ",https://www.goodfirms.co/company/convergesol,N/A
Oneskai,N/A,Digitally Transform Your Business,5.0 (1 Review),10%,20%,"
$25 - $49/hr ",10 - 49,2021,"
India ",https://www.goodfirms.co/company/oneskai,N/A
Chetu,N/A,World Class Software Solutions,5.0 (1 Review),5%,20%,"
$25 - $49/hr ","1,000 - 9,999",2000,"
United States, Netherlands ",https://www.goodfirms.co/company/chetu,N/A
Miri Infotech,N/A,Top 1% Talent at an Unbeatable Price,4.8 (1 Review),5%,20%,"
< $25/hr ",250 - 999,2003,"
United States, India ",https://www.goodfirms.co/company/miri-infotech,N/A
BairesDev,N/A,Powered by Technology. Driven by Talent.,5.0 (1 Review),5%,10%,"
$25 - $49/hr ","1,000 - 9,999",2009,"
United States, Argentina ",https://www.goodfirms.co/company/bairesdev,N/A
Avenga,N/A,Transforming Industries,4.0 (1 Review),10%,20%,"
$50 - $99/hr ","1,000 - 9,999",2019,"
United States, Germany ",https://www.goodfirms.co/company/avenga,N/A
WebDataGuru,N/A,Web Data Extraction and Scraping Services,0.0 (0 Review),100%,40%,"
< $25/hr ",50 - 249,2015,"
United States, United Kingdom ",https://www.goodfirms.co/company/webdataguru,N/A
Analytist,N/A,Advancing your insightful decisions,0.0 (0 Review),100%,30%,"
$50 - $99/hr ",2 - 9,2019,"
Thailand ",https://www.goodfirms.co/company/analytist,N/A
ima appweb,N/A,"Increased Awareness, Higher Visibility",0.0 (0 Review),10%,100%,"
$25 - $49/hr ",10 - 49,2011,"
India ",https://www.goodfirms.co/company/ima-appweb,N/A
Carter Point,N/A,Aiding IT brands gain traction in local markets.,0.0 (0 Review),10%,100%,"
< $25/hr ",2 - 9,2015,"
Estonia ",https://www.goodfirms.co/company/carter-point,N/A
MIRAKI TECHNOLOGIES,N/A,MIRACLES HAPPEN HERE,0.0 (0 Review),10%,100%,"
$100 - $149/hr ",50 - 249,2015,"
India ",https://www.goodfirms.co/company/miraki-technologies,N/A
Clairvoyant LLC,N/A,We power Digital Disruption,0.0 (0 Review),70%,50%,"
$50 - $99/hr ",50 - 249,2012,"
United States ",https://www.goodfirms.co/company/clairvoyant-llc,N/A
XLENT TECHNOLOGIES,N/A,"web, ios, android, chatbot, wordpress, magento2",0.0 (0 Review),5%,100%,"
$100 - $149/hr ",10 - 49,2017,"
United States ",https://www.goodfirms.co/company/xlent-technologies,N/A
SunTec Data,N/A,Turn Data Into Sight,0.0 (0 Review),100%,20%,"
NA ",250 - 999,,"
United States, India ",https://www.goodfirms.co/company/suntec-data,N/A
3i Data Scraping Services,N/A,Enterprise Web/Mobile App Data Scraping!,0.0 (0 Review),100%,20%,"
NA ",50 - 249,2009,"
United States, Germany ",https://www.goodfirms.co/company/3i-data-scraping-services,N/A
Precognox,N/A,Precognox is a high-end consulting firm,0.0 (0 Review),60%,50%,"
NA ",50 - 249,2008,"
Hungary ",https://www.goodfirms.co/company/precognox,N/A
SEVEN,N/A,The Company That Exceeds Your Expectations,0.0 (0 Review),6%,80%,"
$25 - $49/hr ",50 - 249,2007,"
Ukraine ",https://www.goodfirms.co/company/seven,N/A
FreshDataLabs,N/A,Getting the leads has never been this easy,0.0 (0 Review),50%,40%,"
$50 - $99/hr ",10 - 49,2018,"
India ",https://www.goodfirms.co/company/freshdatalabs,N/A
HTML Pro,N/A,NYC’s Top IT Solutions & Digital Agency,1.0 (1 Review),10%,30%,"
$50 - $99/hr ",50 - 249,2013,"
United States ",https://www.goodfirms.co/company/html-pro,N/A
Juice analytics,N/A,Serve up your data the way customers need it,0.0 (0 Review),70%,20%,"
$50 - $99/hr ",10 - 49,2004,"
United States ",https://www.goodfirms.co/company/juice-analytics,N/A
Salpo Technologies,N/A,Listen. Learn. Innovate.,0.0 (0 Review),30%,50%,"
NA ",50 - 249,2007,"
United Kingdom ",https://www.goodfirms.co/company/salpo-technologies,N/A
Dataentryindia.in,N/A,IT Outsourcing Services,0.0 (0 Review),25%,50%,"
NA ",250 - 999,1999,"
United States, India ",https://www.goodfirms.co/company/dataentryindia-in,N/A
element61,N/A,experience & expertise - Thought-leading Analytics ,0.0 (0 Review),80%,5%,"
$100 - $149/hr ",50 - 249,2007,"
Belgium ",https://www.goodfirms.co/company/element61,N/A
Tectoro Consulting Pvt Ltd,N/A,Capital Markets Technology Solutions,0.0 (0 Review),20%,50%,"
$25 - $49/hr ",50 - 249,2015,"
India, Singapore ",https://www.goodfirms.co/company/tectoro-consulting-pvt-ltd,N/A
Rock Your Data,N/A,Delivering Cloud Analytics that Rocks Your Data,0.0 (0 Review),70%,10%,"
$150 - $199/hr ",10 - 49,2017,"
Canada ",https://www.goodfirms.co/company/rock-your-data,N/A
CodeRiders,N/A,We desire. Together we achieve!,0.0 (0 Review),15%,50%,"
$25 - $49/hr ",10 - 49,2013,"
Armenia ",https://www.goodfirms.co/company/coderiders,N/A
Notionmind,N/A,Software. Strategy. Managed Services.,0.0 (0 Review),15%,50%,"
 $50 - $99/hr ",10 - 49,2019,"
India ",https://www.goodfirms.co/company/notionmind,N/A
OptimusFox,N/A,Best Blockchain Development Company in USA,0.0 (0 Review),15%,50%,"
$50 - $99/hr ",50 - 249,2018,"
United States ",https://www.goodfirms.co/company/optimusfox,N/A
QAT Global,N/A,Together We Can Accomplish Anything - US - BR- CR,0.0 (0 Review),10%,50%,"
$50 - $99/hr ",50 - 249,1995,"
United States, Brazil ",https://www.goodfirms.co/company/qat-global,N/A
